<?xml version="1.0" encoding="UTF-8"?>
<beans xmlns="http://www.springframework.org/schema/beans"
 xmlns:context="http://www.springframework.org/schema/context"
 xmlns:xsi="http://www.w3.org/2001/XMLSchema-instance"
 xmlns:tx="http://www.springframework.org/schema/tx"
 xsi:schemaLocation="
 http://www.springframework.org/schema/beans
 http://www.springframework.org/schema/beans/spring-beans-4.0.xsd
 http://www.springframework.org/schema/context
 http://www.springframework.org/schema/context/spring-context-4.0.xsd
 http://www.springframework.org/schema/tx
 http://www.springframework.org/schema/tx/spring-tx-4.0.xsd">

 <context:component-scan base-package="pl.javaproj.controller" />

 <bean class="org.springframework.web.servlet.view.InternalResourceViewResolver">
 <property name="prefix">
   <value>/WEB-INF/views/</value>
 </property>
 <property name="suffix">
    <value>.jsp</value>
 </property>
 </bean>
 
 <bean id="dataSource" class="org.apache.commons.dbcp.BasicDataSource"
        destroy-method="close">
        <property name="driverClassName" value="com.mysql.jdbc.Driver" />
        <property name="url"
            value="jdbc:mysql://localhost:3306/irc" />
        <property name="username" value="robikos" />
        <property name="password" value="robcio" />
 </bean>
 
 <bean id="hibernate4AnnotatedSessionFactory"
        class="org.springframework.orm.hibernate4.LocalSessionFactoryBean">
        <property name="dataSource" ref="dataSource" />
        <property name="annotatedClasses">
            <list>
                <value>pl.javaproj.model.Channel</value>
                <value>pl.javaproj.model.User</value>
            </list>
        </property>
        <property name="hibernateProperties">
            <props>
                <prop key="hibernate.dialect">org.hibernate.dialect.MySQLDialect
                </prop>
                <prop key="hibernate.show_sql">true</prop>
            </props>
        </property>
 </bean>
 
 <bean id="channelDAO" class="pl.javaproj.dao.ChannelDAOImpl">
        <property name="sessionFactory" ref="hibernate4AnnotatedSessionFactory" />
    </bean>
    <bean id="channelService" class="pl.javaproj.service.ChannelServiceImpl">
        <property name="channelDAO" ref="channelDAO"></property>
    </bean>
    <context:component-scan base-package="pl.javaproj" />
     
    <tx:annotation-driven transaction-manager="transactionManager"/>
     
    <bean id="transactionManager" class="org.springframework.orm.hibernate4.HibernateTransactionManager">
    	
        <property name="sessionFactory" ref="hibernate4AnnotatedSessionFactory" />
    </bean>
    
    <bean id="userDAO" class="pl.javaproj.dao.UserDAOImpl">
        <property name="sessionFactory" ref="hibernate4AnnotatedSessionFactory" />
    </bean>
    <bean id="userService" class="pl.javaproj.service.UserServiceImpl">
        <property name="userDAO" ref="userDAO"></property>
    </bean>
</beans>